{"Probability": {"PF": {"Holes": [[5.5, 0.09331], [6.5, 0.091686]], "Pins": [[6.5, 0.095907], [7.5, 0.093293]], "Supported_walls": [[6.5, 0.096814], [7.5, 0.1098]], "Unsupported_walls": [[9.5, 0.087855], [8.5, 0.085138]], "Embossed_details_Width": [[3.5, 0.096621], [4.5, 0.09203]], "Embossed_details_Height": [[3.5, 0.096621], [4.5, 0.09203]], "Engraved_details_Width": [[3.5, 0.09371], [4.5, 0.091417], [1.0, 0.0], [1.0, 0.0], [1.0, 0.0], [1.0, 0.025], [1.0, 0.025]], "Engraved_details_Height": [[3.5, 0.09371], [4.5, 0.091417], [2.0, 0.0], [2.0, 0.0], [2.0, 0.0], [2.0, 0.025], [2.0, 0.025]], "Thin_Features": [[6.5, 0.084104], [7.5, 0.087484]]}, "PG": {"Area_CAD": [], "Area_STL": []}}}